Area Name,Labor Force,Employment,Unemployment Number,Unemployment Rate,Census Ratios Emp,Census Ratios Unemp
,,,,,,
Alameda County                                              ,"843,000","818,000","25,100",3.0%,1.000000,1.000000
,,,,,,
Alameda city,"40,800","39,700","1,100",2.7%,N/A,N/A
Albany city,"9,800","9,600",200,2.3%,0.011726,0.008820
Ashland CDP,"12,100","11,500",600,4.7%,0.014083,0.022840
Berkeley city,"62,400","60,600","1,800",2.8%,N/A,N/A
Castro Valley CDP,"31,500","30,600",900,2.7%,0.037435,0.034032
Cherryland CDP,"7,300","7,000",400,4.9%,0.008500,0.014404
Dublin city,"33,100","32,300",800,2.5%,N/A,N/A
Emeryville city,"7,600","7,500",100,1.6%,0.009143,0.004817
Fairview CDP,"5,700","5,600",100,1.3%,0.006836,0.002852
Fremont city,"121,800","118,700","3,100",2.5%,N/A,N/A
Hayward city,"77,500","74,900","2,500",3.3%,N/A,N/A
Livermore city,"48,200","47,000","1,200",2.5%,N/A,N/A
Newark city,"25,600","24,900",700,2.7%,N/A,N/A
Oakland city,"216,000","208,700","7,300",3.4%,N/A,N/A
Piedmont city,"5,300","5,100",100,2.5%,0.006295,0.005321
Pleasanton city,"40,700","39,700","1,000",2.6%,N/A,N/A
San Leandro city,"45,900","44,400","1,500",3.2%,N/A,N/A
San Lorenzo CDP,"12,600","12,200",400,3.0%,0.014966,0.015291
Sunol CDP,400,400,0,3.0%,0.000479,0.000479
Union City city,"36,600","35,500","1,100",3.0%,N/A,N/A
,,,,,,
,,,,,,
Alpine County                                               ,540,510,30,5.2%,1.000000,1.000000
,,,,,,
Alpine Village CDP,80,80,0,0.0%,0.163265,0.000000
Bear Valley CDP,40,40,0,0.0%,0.078717,0.000000
Kirkwood CDP,80,70,0,2.7%,0.142857,0.081633
Markleeville CDP,30,30,0,0.0%,0.064140,0.000000
Mesa Vista CDP,110,110,0,3.5%,0.212828,0.142857
,,,,,,
,,,,,,
Amador County                                               ,"14,830","14,250",580,3.9%,1.000000,1.000000
,,,,,,
Amador City city,70,70,10,8.2%,0.004683,0.009901
Ione city,"2,330","2,320",10,0.4%,0.162532,0.016832
Jackson city,"2,000","1,920",80,3.9%,0.134797,0.134653
Plymouth city,540,530,10,2.6%,0.037029,0.023762
Sutter Creek city,"1,110","1,090",20,1.9%,0.076546,0.035644
,,,,,,
,,,,,,
Orange County                                               ,"1,616,800","1,571,300","45,500",2.8%,1.000000,1.000000
,,,,,,
Aliso Viejo city,"30,000","29,200",800,2.6%,N/A,N/A
Anaheim city,"171,000","165,900","5,100",3.0%,N/A,N/A
Brea city,"23,000","22,400",600,2.7%,N/A,N/A
Buena Park city,"40,100","38,800","1,300",3.1%,N/A,N/A
Costa Mesa city,"65,800","64,100","1,700",2.6%,N/A,N/A
Coto de Caza CDP,"7,800","7,600",200,2.2%,0.004854,0.003771
Cypress city,"25,200","24,400",700,2.9%,N/A,N/A
Dana Point city,"18,700","18,200",500,2.6%,N/A,N/A
Fountain Valley city,"28,100","27,300",800,2.9%,N/A,N/A
Fullerton city,"70,000","67,900","2,100",2.9%,N/A,N/A
Garden Grove city,"81,300","78,800","2,500",3.1%,N/A,N/A
Huntington Beach city,"108,400","105,300","3,100",2.8%,N/A,N/A
Irvine city,"150,700","146,700","4,000",2.7%,N/A,N/A
La Habra city,"30,200","29,300",900,2.9%,N/A,N/A
La Palma city,"7,700","7,600",200,2.5%,0.004809,0.004211
Laguna Beach city,"12,500","12,200",300,2.6%,N/A,N/A
Laguna Hills city,"17,200","16,700",400,2.5%,N/A,N/A
Laguna Niguel city,"35,800","34,800","1,000",2.7%,N/A,N/A
Laguna Woods city,"3,100","3,000",100,2.1%,0.001930,0.001451
Lake Forest city,"49,200","48,000","1,200",2.5%,N/A,N/A
Las Flores CDP,"3,000","3,000",100,2.1%,0.001891,0.001399
Los Alamitos city,"5,600","5,500",200,2.9%,0.003475,0.003537
Mission Viejo city,"49,400","48,000","1,400",2.8%,N/A,N/A
Newport Beach city,"44,700","43,600","1,100",2.5%,N/A,N/A
Orange city,"72,000","70,000","2,000",2.8%,N/A,N/A
Placentia city,"25,700","24,900",800,2.9%,N/A,N/A
Rancho Santa Margarita city,"27,600","26,900",700,2.6%,N/A,N/A
Rossmoor CDP,"5,100","4,900",100,2.9%,0.003135,0.003252
San Clemente city,"31,800","30,900",900,2.7%,N/A,N/A
San Juan Capistrano city,"17,200","16,800",500,2.6%,N/A,N/A
Santa Ana city,"158,000","153,500","4,600",2.9%,N/A,N/A
Seal Beach city,"9,900","9,600",300,3.2%,N/A,N/A
Stanton city,"18,500","17,900",600,3.1%,N/A,N/A
Tustin city,"42,500","41,400","1,100",2.7%,N/A,N/A
Villa Park city,"2,500","2,500",0,1.5%,0.001574,0.000842
Westminster city,"41,800","40,500","1,300",3.1%,N/A,N/A
Yorba Linda city,"35,000","34,100",900,2.6%,N/A,N/A
,,,,,,
,,,,,,
Kern County                                                 ,"388,800","358,400","30,400",7.8%,1.000000,1.000000
,,,,,,
Arvin city,"8,900","8,200",700,7.6%,0.022892,0.022104
Bakersfield city,"177,500","168,000","9,500",5.3%,N/A,N/A
Bear Valley Springs CDP,"1,800","1,700",100,5.2%,0.004769,0.003097
Bodfish CDP,500,500,0,8.1%,0.001267,0.001308
Boron CDP,900,900,100,5.9%,0.002373,0.001735
Buttonwillow CDP,500,400,100,10.4%,0.001249,0.001709
California City city,"4,900","4,100",800,15.5%,0.011452,0.024720
China Lake Acres CDP,700,700,0,2.8%,0.001928,0.000667
Delano city,"22,200","17,100","5,100",23.0%,N/A,N/A
Derby Acres CDP,100,100,0,8.3%,0.000341,0.000347
Dustin Acres CDP,200,200,0,2.5%,0.000661,0.000187
Edwards AFB CDP,400,300,0,7.0%,0.000970,0.000854
Fellows CDP,0,0,0,0.0%,0.000061,0.000000
Ford City CDP,"1,900","1,700",200,10.0%,0.004702,0.006140
Frazier Park CDP,"1,300","1,100",100,9.7%,0.003162,0.004004
Golden Hills CDP,"4,100","4,000",100,3.0%,0.011140,0.004084
Inyokern CDP,300,300,0,0.0%,0.000783,0.000000
Johannesburg CDP,0,0,0,0.0%,0.000000,0.000000
Keene CDP,100,100,0,0.0%,0.000379,0.000000
Kernville CDP,300,300,0,0.8%,0.000719,0.000053
Lake Isabella CDP,"1,200","1,000",200,13.1%,0.002917,0.005179
Lake of the Woods CDP,300,300,0,0.0%,0.000705,0.000000
Lamont CDP,"6,800","6,300",500,7.1%,0.017499,0.015751
Lebec CDP,900,700,200,17.8%,0.001957,0.004992
Lost Hills CDP,800,800,0,3.5%,0.002163,0.000908
Maricopa city,400,400,0,10.8%,0.001039,0.001495
McFarland city,"5,800","5,200",600,10.7%,0.014515,0.020529
McKittrick CDP,0,0,0,0.0%,0.000108,0.000000
Mettler CDP,100,100,0,11.8%,0.000230,0.000347
Mojave CDP,"1,600","1,400",200,14.8%,0.003797,0.007795
Mountain Mesa CDP,200,200,0,10.8%,0.000463,0.000667
North Edwards CDP,400,400,100,13.5%,0.001039,0.001922
Oildale CDP,"14,800","13,000","1,800",12.0%,0.036399,0.058731
Onyx CDP,200,200,0,0.0%,0.000440,0.000000
Pine Mountain Club CDP,600,500,0,5.6%,0.001517,0.001068
Randsburg CDP,0,0,0,0.0%,0.000041,0.000000
Ridgecrest city,"13,700","13,300",400,2.9%,N/A,N/A
Rosamond CDP,"9,100","8,400",800,8.2%,0.023378,0.024667
Rosedale CDP,"7,700","7,400",400,4.8%,0.020574,0.012307
Shafter city,"7,900","7,400",600,7.2%,0.020527,0.018901
South Taft CDP,600,500,200,23.9%,0.001334,0.004939
Squirrel Mountain Valley CDP,300,200,0,14.1%,0.000661,0.001281
Stallion Springs CDP,"1,000",900,100,10.1%,0.002542,0.003337
Taft city,"3,300","3,200",100,3.9%,0.008863,0.004245
Taft Heights CDP,900,800,100,8.6%,0.002291,0.002536
Tehachapi city,"3,700","3,500",200,5.8%,0.009670,0.007048
Tupman CDP,100,100,0,10.0%,0.000151,0.000214
Valley Acres CDP,200,200,0,18.1%,0.000544,0.001415
Wasco city,"9,100","8,000","1,200",12.7%,N/A,N/A
Weedpatch CDP,900,800,100,10.2%,0.002312,0.003097
Weldon CDP,"1,000","1,000",0,3.6%,0.002754,0.001228
Wofford Heights CDP,700,600,100,11.7%,0.001607,0.002509
,,,,,,
,,,,,,
Calaveras County                                            ,"21,360","20,540",820,3.8%,1.000000,1.000000
,,,,,,
Angels city,"1,840","1,790",50,2.8%,0.087267,0.062181
Arnold CDP,"1,000",950,50,5.4%,0.046101,0.066440
Avery CDP,310,300,10,3.5%,0.014632,0.013629
Copperopolis CDP,"2,370","2,250",130,5.3%,0.109331,0.152470
Dorrington CDP,90,90,0,3.3%,0.004239,0.004259
Forest Meadows CDP,480,450,30,6.6%,0.022005,0.039182
Mokelumne Hill CDP,250,230,30,10.2%,0.011090,0.031516
Mountain Ranch CDP,490,450,30,7.0%,0.022122,0.040886
Murphys CDP,970,950,20,1.7%,0.046217,0.019591
Rancho Calaveras CDP,"3,770","3,680",90,2.5%,0.179121,0.113288
San Andreas CDP,"1,080","1,060",20,1.8%,0.051791,0.024702
Valley Springs CDP,"2,010","1,950",60,2.8%,0.094989,0.068143
West Point CDP,140,140,0,0.0%,0.006735,0.000000
,,,,,,
,,,,,,
Butte County                                                ,"98,100","93,100","5,000",5.1%,1.000000,1.000000
,,,,,,
Biggs city,800,800,0,2.3%,0.008648,0.003782
Chico city,"53,800","51,800","2,000",3.7%,N/A,N/A
Concow CDP,200,100,0,18.3%,0.001478,0.006145
Durham CDP,"2,800","2,800",100,3.0%,0.029596,0.017135
Gridley city,"2,600","2,500",100,3.7%,0.026817,0.019263
Magalia CDP,"4,400","4,200",200,4.5%,0.044643,0.039352
Oroville city,"6,400","6,100",400,5.5%,0.065227,0.070314
Oroville East CDP,"3,000","2,900",100,3.5%,0.030772,0.020563
Palermo CDP,"2,000","1,900",100,7.2%,0.019928,0.028717
Paradise town,"2,000","1,800",200,10.1%,N/A,N/A
South Oroville CDP,"1,200","1,100",100,5.6%,0.011884,0.012999
Thermalito CDP,"2,400","2,100",300,11.4%,0.022499,0.053770
,,,,,,
,,,,,,
Colusa County                                               ,"10,990","9,570","1,420",12.9%,1.000000,1.000000
,,,,,,
Arbuckle CDP,"2,170","1,790",370,17.3%,0.187061,0.264368
Colusa city,"3,110","2,840",270,8.8%,0.296533,0.193103
Williams city,"2,640","2,410",240,9.0%,0.251238,0.167816
,,,,,,
,,,,,,
Contra Costa County                                         ,"561,000","543,500","17,500",3.1%,1.000000,1.000000
,,,,,,
Alamo CDP,"6,300","6,200",100,1.0%,0.011467,0.003759
Antioch city,"50,600","48,600","2,000",4.0%,N/A,N/A
Bay Point CDP,"12,400","11,800",600,4.8%,0.021794,0.034244
Bethel Island CDP,800,800,0,2.8%,0.001380,0.001274
Brentwood city,"29,700","28,700","1,000",3.3%,N/A,N/A
Byron CDP,500,500,0,6.4%,0.000858,0.001816
Clayton city,"5,900","5,800",100,1.8%,0.010583,0.006116
Clyde CDP,400,400,0,4.2%,0.000792,0.001083
Concord city,"65,500","63,600","1,900",2.9%,N/A,N/A
Crockett CDP,"1,800","1,700",100,3.0%,0.003161,0.003122
Danville town,"20,600","20,100",600,2.7%,N/A,N/A
Diablo CDP,100,100,0,0.0%,0.000172,0.000000
Discovery Bay CDP,"8,000","7,800",200,2.5%,0.014366,0.011691
East Richmond Heights CDP,"1,900","1,800",0,1.0%,0.003370,0.001083
El Cerrito city,"13,800","13,400",300,2.5%,N/A,N/A
El Sobrante CDP,"7,500","7,300",200,3.3%,0.013387,0.014271
Hercules city,"14,200","13,800",400,2.8%,N/A,N/A
Kensington CDP,"2,700","2,600",100,2.6%,0.004809,0.003982
Knightsen CDP,600,600,0,0.7%,0.001035,0.000223
Lafayette city,"12,700","12,400",300,2.5%,N/A,N/A
Martinez city,"20,500","19,900",600,2.9%,N/A,N/A
Moraga town,"7,600","7,400",200,2.3%,0.013660,0.010098
Mountain View CDP,"1,200","1,100",100,4.8%,0.002079,0.003249
Oakley city,"20,000","19,300",700,3.6%,N/A,N/A
Orinda city,"9,200","9,000",200,2.2%,0.016608,0.011723
Pacheco CDP,"2,300","2,300",100,3.2%,0.004182,0.004269
Pinole city,"10,200","9,800",300,3.1%,0.018103,0.018126
Pittsburg city,"34,300","33,100","1,300",3.7%,N/A,N/A
Pleasant Hill city,"18,000","17,500",500,2.7%,N/A,N/A
Port Costa CDP,100,100,0,0.0%,0.000270,0.000000
Richmond city,"53,000","51,100","1,900",3.5%,N/A,N/A
Rodeo CDP,"4,900","4,600",200,5.0%,0.008533,0.013857
Rollingwood CDP,"1,600","1,600",100,4.1%,0.002864,0.003823
San Pablo city,"13,800","13,300",500,3.5%,N/A,N/A
San Ramon city,"39,600","38,600","1,000",2.5%,N/A,N/A
Tara Hills CDP,"2,700","2,600",0,1.5%,0.004822,0.002294
Vine Hill CDP,"1,900","1,800",0,2.3%,0.003370,0.002485
Walnut Creek city,"34,500","33,600",900,2.6%,N/A,N/A
,,,,,,
,,,,,,
Del Norte County                                            ,"9,640","9,080",560,5.8%,1.000000,1.000000
,,,,,,
Bertsch Oceanview CDP,740,630,120,16.0%,0.068885,0.213049
Crescent City city,"1,540","1,460",80,5.2%,0.160399,0.142477
Klamath CDP,240,210,30,12.7%,0.022740,0.053262
,,,,,,
,,,,,,
Imperial County                                             ,"73,600","58,400","15,200",20.7%,1.000000,1.000000
,,,,,,
Brawley city,"10,200","8,700","1,400",14.3%,N/A,N/A
Calexico city,"20,800","12,700","8,100",38.9%,N/A,N/A
Calipatria city,"1,300",900,400,28.8%,0.015781,0.024486
El Centro city,"18,400","16,000","2,500",13.3%,N/A,N/A
Heber CDP,"1,500","1,300",200,10.9%,0.022622,0.010580
Holtville city,"2,600","1,900",700,25.5%,0.033309,0.043531
Imperial city,"8,000","6,700","1,300",16.6%,0.114742,0.087666
Westmorland city,900,700,200,21.0%,0.012535,0.012797
,,,,,,
,,,,,,
El Dorado County                                            ,"92,300","89,100","3,300",3.5%,1.000000,1.000000
,,,,,,
Cameron Park CDP,"9,100","8,900",300,3.0%,0.099541,0.082571
Diamond Springs CDP,"5,200","5,000",200,3.1%,0.056451,0.048810
El Dorado Hills CDP,"23,100","22,500",600,2.8%,0.252218,0.195241
Georgetown CDP,"1,100","1,000",100,10.3%,0.011175,0.034777
Placerville city,"5,000","4,900",200,3.0%,0.054841,0.046776
Pollock Pines CDP,"3,300","3,200",100,3.4%,0.035522,0.033760
Shingle Springs CDP,"1,900","1,800",0,1.0%,0.020658,0.005491
South Lake Tahoe city,"13,000","12,300",600,4.8%,0.138659,0.188326
,,,,,,
,,,,,,
Fresno County                                               ,"451,300","418,400","32,900",7.3%,1.000000,1.000000
,,,,,,
Auberry CDP,900,800,0,3.1%,0.002000,0.000823
Biola CDP,800,700,200,19.6%,0.001624,0.005042
Calwa CDP,900,800,100,14.8%,0.001882,0.004167
Cantua Creek CDP,100,100,0,0.0%,0.000285,0.000000
Caruthers CDP,"1,000",900,100,8.7%,0.002260,0.002727
Clovis city,"55,700","53,600","2,100",3.8%,N/A,N/A
Coalinga city,"6,200","5,800",400,6.5%,0.013835,0.012244
Del Rey CDP,500,500,0,9.1%,0.001151,0.001466
Easton CDP,"1,000",900,100,5.1%,0.002209,0.001518
Firebaugh city,"3,500","2,800",700,20.4%,0.006751,0.021993
Fowler city,"3,000","2,800",100,5.0%,0.006699,0.004501
Fresno city,"234,500","221,000","13,500",5.8%,N/A,N/A
Friant CDP,300,200,0,11.0%,0.000562,0.000875
Huron city,"2,600","2,300",300,12.1%,0.005521,0.009698
Kerman city,"6,700","6,200",500,6.9%,0.014834,0.014045
Kingsburg city,"5,400","5,200",300,4.7%,0.012378,0.007845
Lanare CDP,100,100,0,25.0%,0.000130,0.000540
Laton CDP,800,800,100,7.7%,0.001833,0.001955
Mendota city,"5,100","4,200",800,16.4%,0.010118,0.025260
Orange Cove city,"4,000","3,500",500,12.5%,0.008380,0.015151
Parlier city,"7,000","6,600",400,5.6%,0.015860,0.012013
Raisin City CDP,200,200,0,14.0%,0.000383,0.000797
Reedley city,"12,900","10,800","2,100",16.3%,N/A,N/A
Riverdale CDP,"1,300","1,300",0,3.1%,0.003124,0.001286
San Joaquin city,"1,600","1,400",200,10.8%,0.003352,0.005145
Sanger city,"11,600","10,700","1,000",8.4%,N/A,N/A
Selma city,"10,700","10,000",600,5.8%,0.024004,0.018958
Shaver Lake CDP,200,200,0,0.9%,0.000545,0.000051
Squaw Valley CDP,"1,500","1,400",100,6.3%,0.003318,0.002855
Tranquillity CDP,300,300,0,11.8%,0.000623,0.001055
,,,,,,
,,,,,,
Glenn County                                                ,"13,010","12,210",800,6.2%,1.000000,1.000000
,,,,,,
Hamilton City CDP,970,890,70,7.6%,0.073056,0.091339
Orland city,"3,520","3,280",240,6.7%,0.269084,0.294488
Willows city,"2,530","2,320",220,8.6%,0.189644,0.272441
,,,,,,
,,,,,,
Kings County                                                ,"57,900","53,300","4,600",7.9%,1.000000,1.000000
,,,,,,
Armona CDP,"1,700","1,500",100,7.9%,0.028764,0.028692
Avenal city,"3,800","3,300",500,12.9%,0.062123,0.106984
Corcoran city,"4,500","3,800",700,15.5%,N/A,N/A
Hanford city,"25,200","23,500","1,700",6.7%,N/A,N/A
Home Garden CDP,600,500,100,10.6%,0.009631,0.013345
Kettleman City CDP,500,500,0,8.6%,0.009355,0.010231
Lemoore city,"12,200","11,500",700,5.6%,N/A,N/A
Lemoore Station CDP,"1,200","1,200",100,4.6%,0.022239,0.012456
Stratford CDP,300,300,0,9.4%,0.005624,0.006673
,,,,,,
,,,,,,
Humboldt County                                             ,"62,200","60,000","2,300",3.6%,1.000000,1.000000
,,,,,,
Arcata city,"9,600","9,000",500,5.6%,0.150621,0.236436
Blue Lake city,500,500,0,2.0%,0.008157,0.004569
Eureka city,"12,600","12,100",400,3.5%,N/A,N/A
Ferndale city,600,600,0,2.8%,0.009383,0.006853
Fortuna city,"5,200","5,000",200,3.4%,0.083508,0.078241
Hydesville CDP,500,500,0,0.6%,0.008448,0.001142
McKinleyville CDP,"7,800","7,500",200,3.2%,0.125133,0.108509
Redway CDP,700,700,0,4.1%,0.011204,0.012755
Rio Dell city,"1,400","1,300",100,6.5%,0.022183,0.040548
Trinidad city,200,200,0,2.6%,0.002499,0.001904
Willow Creek CDP,600,600,0,0.0%,0.009318,0.000000
,,,,,,
,,,,,,
Inyo County                                                 ,"8,770","8,460",310,3.6%,1.000000,1.000000
,,,,,,
Big Pine CDP,710,690,20,2.7%,0.081088,0.061972
Bishop city,"1,920","1,860",60,3.3%,0.219592,0.200000
Cartago CDP,10,10,0,0.0%,0.000607,0.000000
Darwin CDP,0,0,0,0.0%,0.000000,0.000000
Dixon Lane Meadow Creek CDP,"1,220","1,160",60,4.5%,0.137533,0.174648
Furnace Creek CDP,100,90,0,4.1%,0.011168,0.014085
Independence CDP,250,250,0,1.6%,0.029497,0.014085
Keeler CDP,10,10,0,0.0%,0.000607,0.000000
Lone Pine CDP,740,710,30,4.6%,0.083394,0.109859
Mesa CDP,180,170,10,4.0%,0.020029,0.022535
Olancha CDP,170,170,0,0.0%,0.019908,0.000000
Round Valley CDP,200,200,0,0.0%,0.023064,0.000000
Shoshone CDP,10,10,0,0.0%,0.001699,0.000000
Tecopa CDP,30,30,10,20.6%,0.003156,0.022535
West Bishop CDP,"1,260","1,250",20,1.3%,0.147366,0.050704
Wilkerson CDP,280,260,20,6.1%,0.030711,0.053521
,,,,,,
,,,,,,
Lake County                                                 ,"29,060","27,580","1,490",5.1%,1.000000,1.000000
,,,,,,
Clearlake city,"5,960","5,290",670,11.3%,0.191861,0.452514
Clearlake Oaks CDP,870,830,50,5.2%,0.029913,0.030511
Cobb CDP,570,550,20,3.5%,0.019956,0.013322
Hidden Valley Lake CDP,"2,910","2,880",30,1.1%,0.104427,0.021917
Kelseyville CDP,"1,630","1,490",140,8.6%,0.054065,0.094542
Lakeport city,"2,540","2,460",80,3.2%,0.089162,0.053717
Lower Lake CDP,480,450,30,5.9%,0.016211,0.018908
Lucerne CDP,"1,350","1,320",30,2.3%,0.047976,0.020627
Middletown CDP,350,330,20,5.4%,0.012014,0.012462
Nice CDP,"1,090","1,080",20,1.4%,0.039047,0.009884
North Lakeport CDP,"1,510","1,490",20,1.3%,0.054189,0.012462
Upper Lake CDP,470,440,40,7.6%,0.015841,0.024495
,,,,,,
,,,,,,
Lassen County                                               ,"9,740","9,280",450,4.7%,1.000000,1.000000
,,,,,,
Susanville city,"3,250","3,130",120,3.6%,0.337359,0.255853
Westwood CDP,690,680,10,1.7%,0.073511,0.026756
,,,,,,
,,,,,,
Los Angeles County,"5,151,500","4,920,800","230,700",4.5%,1.000000,1.000000
,,,,,,
Acton CDP,"3,600","3,400",100,3.8%,0.000695,0.000582
Agoura Hills city,"11,600","11,100",500,3.9%,N/A,N/A
Alhambra city,"46,700","44,900","1,800",3.8%,N/A,N/A
Alondra Park CDP,"4,400","4,200",200,3.9%,0.000851,0.000736
Altadena CDP,"23,400","22,400","1,000",4.1%,0.004562,0.004145
Arcadia city,"30,000","29,000","1,000",3.4%,N/A,N/A
Artesia city,"8,100","7,800",300,4.0%,0.001581,0.001396
Avalon city,"2,200","2,200",0,0.0%,0.000438,0.000003
Avocado Heights CDP,"7,500","7,000",400,6.0%,0.001425,0.001947
Azusa city,"25,600","24,600","1,100",4.2%,N/A,N/A
Baldwin Park city,"34,900","33,300","1,600",4.7%,N/A,N/A
Bell city,"15,300","14,600",700,4.7%,N/A,N/A
Bell Gardens city,"18,200","17,400",800,4.5%,N/A,N/A
Bellflower city,"36,700","34,900","1,800",5.0%,N/A,N/A
Beverly Hills city,"18,500","17,700",800,4.1%,N/A,N/A
Bradbury city,400,400,0,1.7%,0.000085,0.000028
Burbank city,"59,400","56,400","3,000",5.1%,N/A,N/A
Calabasas city,"12,500","12,100",400,3.0%,0.002469,0.001615
Carson city,"46,600","44,400","2,300",4.9%,N/A,N/A
Cerritos city,"25,500","24,600",900,3.7%,N/A,N/A
Charter Oak CDP,"5,200","4,900",300,6.1%,0.000999,0.001381
Citrus CDP,"5,200","5,000",200,3.9%,0.001011,0.000883
Claremont city,"17,400","16,700",700,4.0%,N/A,N/A
Commerce city,"5,900","5,600",300,4.5%,0.001143,0.001140
Compton city,"39,400","37,000","2,400",6.1%,N/A,N/A
Covina city,"24,200","23,000","1,100",4.7%,N/A,N/A
Cudahy city,"10,100","9,700",400,4.4%,N/A,N/A
Culver City city,"23,400","22,400","1,000",4.2%,N/A,N/A
Del Aire CDP,"5,300","5,200",100,2.6%,0.001055,0.000595
Desert View Highlands CDP,"1,400","1,300",100,4.5%,0.000267,0.000269
Diamond Bar city,"30,600","29,500","1,100",3.6%,N/A,N/A
Downey city,"57,700","55,300","2,400",4.1%,N/A,N/A
Duarte city,"11,300","10,700",600,5.1%,0.002184,0.002492
East Los Angeles CDP,"57,000","53,100","3,800",6.7%,0.010800,0.016595
East Pasadena CDP,"3,100","3,000",100,1.7%,0.000613,0.000225
East San Gabriel CDP,"7,700","7,500",200,2.2%,0.001526,0.000714
El Monte city,"52,500","50,200","2,200",4.2%,N/A,N/A
El Segundo city,"9,800","9,300",500,4.8%,0.001889,0.002016
Florence Graham CDP,"29,100","27,200","1,800",6.2%,0.005537,0.007851
Gardena city,"30,600","29,200","1,400",4.6%,N/A,N/A
Glendale city,"104,100","99,800","4,300",4.1%,N/A,N/A
Glendora city,"26,300","25,300","1,000",4.0%,N/A,N/A
Hacienda Heights CDP,"26,900","25,900",900,3.5%,0.005266,0.004092
Hawaiian Gardens city,"6,600","6,300",300,4.2%,0.001275,0.001199
Hawthorne city,"45,000","43,000","2,000",4.4%,N/A,N/A
Hermosa Beach city,"12,300","12,000",400,3.0%,0.002433,0.001584
Hidden Hills city,700,700,0,5.4%,0.000143,0.000175
Huntington Park city,"26,700","25,500","1,200",4.5%,N/A,N/A
Industry city,200,200,0,5.6%,0.000034,0.000044
Inglewood city,"52,900","50,100","2,800",5.4%,N/A,N/A
Irwindale city,700,700,0,5.7%,0.000134,0.000172
La Canada Flintridge city,"9,300","9,100",200,2.3%,0.001839,0.000911
La Crescenta Montrose CDP,"9,700","9,400",300,3.6%,0.001909,0.001506
La Habra Heights city,"3,300","3,200",100,3.0%,0.000657,0.000435
La Mirada city,"24,400","23,400","1,000",4.1%,N/A,N/A
La Puente city,"19,200","18,300",900,4.5%,N/A,N/A
La Verne city,"16,200","15,500",700,4.2%,N/A,N/A
Ladera Heights CDP,"3,500","3,300",200,6.4%,0.000673,0.000986
Lake Los Angeles CDP,"3,600","3,300",300,7.5%,0.000679,0.001165
Lakewood city,"43,200","41,400","1,800",4.1%,N/A,N/A
Lancaster city,"65,500","61,300","4,300",6.5%,N/A,N/A
Lawndale city,"16,700","16,000",700,4.2%,N/A,N/A
Lennox CDP,"11,100","10,700",500,4.3%,0.002168,0.002066
Littlerock CDP,400,400,0,7.7%,0.000073,0.000131
Lomita city,"10,900","10,700",300,2.4%,0.002167,0.001114
Long Beach city,"240,400","229,300","11,100",4.6%,N/A,N/A
Los Angeles city,"2,101,400","2,007,000","94,500",4.5%,N/A,N/A
Lynwood city,"28,700","27,200","1,500",5.1%,N/A,N/A
Malibu city,"6,400","6,200",200,2.6%,0.001270,0.000711
Manhattan Beach city,"19,900","19,300",700,3.3%,N/A,N/A
Marina del Rey CDP,"7,100","6,900",100,2.0%,0.001404,0.000626
Mayflower Village CDP,"3,100","3,000",100,3.2%,0.000603,0.000419
Maywood city,"12,400","11,900",500,4.2%,N/A,N/A
Monrovia city,"21,000","20,200",800,3.7%,N/A,N/A
Montebello city,"29,100","27,700","1,400",4.9%,N/A,N/A
Monterey Park city,"29,600","28,300","1,200",4.1%,N/A,N/A
North El Monte CDP,"1,800","1,800",0,1.8%,0.000361,0.000141
Norwalk city,"50,700","48,400","2,300",4.5%,N/A,N/A
Palmdale city,"64,800","60,800","4,000",6.2%,N/A,N/A
Palos Verdes Estates city,"5,700","5,600",100,1.7%,0.001136,0.000410
Paramount city,"24,900","23,600","1,200",4.9%,N/A,N/A
Pasadena city,"80,200","77,000","3,100",3.9%,N/A,N/A
Pico Rivera city,"30,500","29,000","1,500",4.9%,N/A,N/A
Pomona city,"68,900","65,500","3,400",4.9%,N/A,N/A
Quartz Hill CDP,"4,300","4,100",200,3.8%,0.000841,0.000711
Rancho Palos Verdes city,"19,800","19,100",700,3.6%,N/A,N/A
Redondo Beach city,"41,600","40,100","1,500",3.6%,N/A,N/A
Rolling Hills city,600,600,0,3.9%,0.000114,0.000100
Rolling Hills Estates city,"3,500","3,400",100,3.7%,0.000691,0.000557
Rosemead city,"25,500","24,500","1,100",4.2%,N/A,N/A
Rowland Heights CDP,"25,200","24,100","1,100",4.3%,0.004899,0.004715
San Dimas city,"18,000","17,300",700,4.1%,N/A,N/A
San Fernando city,"11,900","11,600",400,3.0%,0.002349,0.001534
San Gabriel city,"21,600","20,800",800,3.6%,N/A,N/A
San Marino city,"5,900","5,800",100,1.3%,0.001184,0.000341
Santa Clarita city,"116,400","111,600","4,800",4.1%,N/A,N/A
Santa Fe Springs city,"8,500","8,300",200,2.6%,0.001688,0.000961
Santa Monica city,"56,700","54,300","2,500",4.3%,N/A,N/A
Sierra Madre city,"5,700","5,400",300,5.2%,0.001094,0.001274
Signal Hill city,"6,200","5,900",200,3.8%,0.001202,0.001014
South El Monte city,"9,300","8,900",400,4.3%,0.001811,0.001725
South Gate city,"42,900","40,900","2,000",4.7%,N/A,N/A
South Pasadena city,"15,000","14,400",600,3.8%,N/A,N/A
South San Gabriel CDP,"4,000","3,900",200,3.9%,0.000790,0.000682
South San Jose Hills CDP,"9,300","8,800",500,5.7%,0.001785,0.002304
South Whittier CDP,"28,600","27,500","1,100",4.0%,0.005582,0.004915
Temple City city,"18,400","17,800",700,3.7%,N/A,N/A
Torrance city,"78,600","75,800","2,800",3.6%,N/A,N/A
Val Verde CDP,"1,500","1,500",100,5.8%,0.000296,0.000388
Valinda CDP,"12,400","11,700",600,5.0%,0.002387,0.002689
Vernon city,100,100,0,0.0%,0.000012,0.000000
View Park Windsor Hills CDP,"6,100","5,600",500,8.4%,0.001132,0.002216
Walnut city,"16,100","15,600",600,3.5%,N/A,N/A
Walnut Park CDP,"8,000","7,600",400,4.9%,0.001541,0.001681
West Athens CDP,"5,000","4,600",300,6.9%,0.000941,0.001478
West Carson CDP,"11,300","10,900",400,3.3%,0.002216,0.001597
West Covina city,"53,000","50,700","2,300",4.4%,N/A,N/A
West Hollywood city,"27,400","26,000","1,400",5.0%,N/A,N/A
West Puente Valley CDP,"11,400","10,800",600,5.5%,0.002186,0.002717
West Whittier Los Nietos CDP,"12,500","12,000",400,3.4%,0.002444,0.001850
Westlake Village city,"3,800","3,800",100,1.8%,0.000766,0.000307
Westmont CDP,"14,700","13,800",900,6.2%,0.002805,0.003935
Whittier city,"44,100","42,100","2,000",4.5%,N/A,N/A
Willowbrook CDP,"9,900","9,100",800,8.1%,0.001842,0.003444
,,,,,,
,,,,,,
Madera County                                               ,"62,200","57,900","4,300",6.9%,1.000000,1.000000
,,,,,,
Bonadelle Ranchos Madera Ranchos CDP,"4,100","3,900",200,4.9%,0.068151,0.047173
Chowchilla city,"4,300","4,000",200,5.4%,0.069884,0.053475
Madera Acres CDP,"4,800","4,500",300,6.3%,0.077264,0.069499
Madera city,"28,100","25,900","2,200",7.8%,N/A,N/A
Oakhurst CDP,"1,500","1,500",0,3.2%,0.025606,0.011343
Parksdale CDP,"1,200","1,100",200,12.4%,0.018569,0.035290
Parkwood CDP,"1,000",900,100,8.9%,0.015703,0.020526
Yosemite Lakes CDP,"2,000","1,900",100,6.3%,0.032797,0.029348
,,,,,,
,,,,,,
Mariposa County                                             ,"7,640","7,290",350,4.6%,1.000000,1.000000
,,,,,,
Bootjack CDP,320,300,20,6.0%,0.040779,0.055205
Mariposa CDP,490,460,30,5.2%,0.063086,0.070978
Yosemite Valley CDP,"1,180","1,180",0,0.0%,0.161552,0.000000
,,,,,,
,,,,,,
Mendocino County                                            ,"38,740","37,190","1,550",4.0%,1.000000,1.000000
,,,,,,
Covelo CDP,370,360,10,3.8%,0.009552,0.009241
Fort Bragg city,"3,130","3,010",110,3.6%,0.081005,0.072809
Laytonville CDP,530,480,60,10.7%,0.012762,0.036404
Mendocino CDP,580,570,0,0.7%,0.015389,0.002800
Point Arena city,200,190,10,6.4%,0.005094,0.008121
Ukiah city,"7,390","6,990",400,5.4%,0.187986,0.255951
Willits city,"1,850","1,780",70,3.6%,0.047972,0.043405
,,,,,,
,,,,,,
Merced County                                               ,"116,000","106,500","9,500",8.2%,1.000000,1.000000
,,,,,,
Atwater city,"11,900","11,000",900,7.3%,N/A,N/A
Delhi CDP,"5,400","5,000",400,7.3%,0.046836,0.041239
Dos Palos city,"2,400","2,200",200,8.0%,0.020632,0.020301
Gustine city,"2,600","2,400",200,7.9%,0.022899,0.022211
Hilmar Irwin CDP,"2,500","2,500",100,2.5%,0.023213,0.006791
Le Grand CDP,800,700,100,9.6%,0.006925,0.008276
Livingston city,"7,000","6,600",300,4.9%,0.062410,0.036500
Los Banos city,"17,200","15,500","1,700",9.9%,N/A,N/A
Merced city,"34,000","31,700","2,300",6.8%,N/A,N/A
Planada CDP,"1,900","1,700",200,11.1%,0.016012,0.022565
South Dos Palos CDP,700,600,100,14.3%,0.005868,0.010964
Winton CDP,"4,900","4,300",600,12.1%,0.040302,0.062319
,,,,,,
,,,,,,
Stanislaus County                                           ,"242,900","228,100","14,800",6.1%,1.000000,1.000000
,,,,,,
Bret Harte CDP,"1,800","1,600",200,13.2%,0.006872,0.016140
Bystrom CDP,"1,400","1,300",100,6.9%,0.005579,0.006404
Ceres city,"21,500","19,900","1,500",7.2%,N/A,N/A
Denair CDP,"2,400","2,200",100,5.8%,0.009756,0.009167
East Oakdale CDP,"1,300","1,300",0,1.9%,0.005671,0.001711
Empire CDP,"1,700","1,700",100,5.3%,0.007249,0.006272
Hughson city,"3,600","3,500",100,3.3%,0.015392,0.007982
Keyes CDP,"2,800","2,600",200,7.5%,0.011456,0.014342
Modesto city,"94,800","89,600","5,200",5.5%,N/A,N/A
Newman city,"4,700","4,300",400,9.2%,0.018806,0.029386
Oakdale city,"10,200","9,400",800,8.3%,0.041052,0.057149
Patterson city,"10,100","9,500",600,6.0%,0.041692,0.040614
Riverbank city,"11,500","11,000",500,4.5%,0.048222,0.034956
Salida CDP,"7,500","7,100",400,4.8%,0.031322,0.024123
Turlock city,"33,800","32,200","1,600",4.6%,N/A,N/A
Waterford city,"3,600","3,400",200,5.4%,0.014945,0.013158
West Modesto CDP,"2,100","1,800",300,14.6%,0.008038,0.021228
,,,,,,
,,,,,,
Modoc County                                                ,"3,180","2,950",230,7.1%,1.000000,1.000000
,,,,,,
Alturas city,"1,050",940,110,10.8%,0.316875,0.496403
,,,,,,
,,,,,,
Mono County                                                 ,"8,520","8,200",320,3.7%,1.000000,1.000000
,,,,,,
Mammoth Lakes town,"5,430","5,410",20,0.3%,0.659342,0.051546
,,,,,,
,,,,,,
Napa County                                                 ,"73,400","71,300","2,100",2.9%,1.000000,1.000000
,,,,,,
American Canyon city,"10,400","10,000",300,3.3%,0.140552,0.163915
Angwin CDP,"1,900","1,800",100,3.1%,0.025330,0.027319
Calistoga city,"2,800","2,700",100,3.4%,0.037714,0.044731
Deer Park CDP,400,400,0,5.2%,0.005862,0.010808
Napa city,"41,800","40,600","1,300",3.0%,N/A,N/A
St. Helena city,"3,100","3,100",100,2.1%,0.042915,0.031822
Yountville town,"1,100","1,100",0,3.6%,0.015125,0.018913
,,,,,,
,,,,,,
Nevada County                                               ,"48,500","46,870","1,630",3.4%,1.000000,1.000000
,,,,,,
Alta Sierra CDP,"3,620","3,550",70,1.9%,0.075830,0.042194
Grass Valley city,"6,060","5,720",340,5.6%,0.122086,0.209564
Lake of the Pines CDP,"1,870","1,760",100,5.5%,0.037631,0.062822
Lake Wildwood CDP,"1,840","1,820",20,1.0%,0.038789,0.011252
Nevada City city,"1,520","1,480",40,2.5%,0.031526,0.023441
Penn Valley CDP,460,460,0,0.9%,0.009782,0.002344
Truckee town,"9,880","9,750",130,1.3%,0.208107,0.078293
,,,,,,
,,,,,,
Ventura County                                              ,"422,300","406,900","15,400",3.6%,1.000000,1.000000
,,,,,,
Camarillo city,"34,700","33,700","1,000",2.9%,N/A,N/A
Casa Conejo CDP,"1,800","1,700",100,5.7%,0.004067,0.006535
Channel Islands Beach CDP,"1,700","1,500",200,12.7%,0.003723,0.014324
El Rio CDP,"2,800","2,600",200,8.3%,0.006266,0.014996
Fillmore city,"7,400","7,200",200,2.3%,0.017746,0.011146
Meiners Oaks CDP,"2,100","2,100",0,1.3%,0.005140,0.001835
Mira Monte CDP,"3,600","3,500",100,4.1%,0.008500,0.009579
Moorpark city,"19,500","18,900",600,2.9%,N/A,N/A
Oak Park CDP,"7,000","6,700",300,3.8%,0.016438,0.017099
Oak View CDP,"2,300","2,200",100,4.2%,0.005479,0.006356
Ojai city,"3,600","3,400",200,4.6%,0.008433,0.010743
Oxnard city,"100,700","96,000","4,600",4.6%,N/A,N/A
Piru CDP,700,700,100,8.8%,0.001655,0.004252
Port Hueneme city,"10,000","9,700",400,3.6%,0.023805,0.023500
San Buenaventura (Ventura) city,"55,400","53,700","1,700",3.1%,N/A,N/A
Santa Paula city,"13,900","12,800","1,100",7.9%,N/A,N/A
Simi Valley city,"67,600","65,600","2,000",3.0%,N/A,N/A
Thousand Oaks city,"64,500","62,600","1,900",2.9%,N/A,N/A
,,,,,,
,,,,,,
Placer County                                               ,"189,000","183,100","5,900",3.1%,1.000000,1.000000
,,,,,,
Auburn city,"6,700","6,500",300,4.3%,0.035250,0.048595
Colfax city,"1,100","1,000",100,5.6%,0.005428,0.009997
Dollar Point CDP,500,500,0,0.0%,0.002972,0.000000
Foresthill CDP,800,800,0,3.3%,0.004262,0.004556
Granite Bay CDP,"11,000","10,700",300,2.9%,0.058197,0.053657
Kings Beach CDP,"2,000","1,900",0,1.0%,0.010615,0.003290
Lincoln city,"19,200","18,600",700,3.5%,N/A,N/A
Loomis town,"3,200","3,100",100,2.4%,0.017165,0.012908
Meadow Vista CDP,"1,700","1,700",0,2.8%,0.009180,0.008226
North Auburn CDP,"6,100","6,000",100,1.7%,0.032721,0.017464
Rocklin city,"34,000","33,000","1,000",3.0%,N/A,N/A
Roseville city,"70,000","67,900","2,100",3.0%,N/A,N/A
Sunnyside Tahoe City CDP,700,700,0,0.0%,0.003802,0.000000
Tahoe Vista CDP,700,700,0,0.0%,0.003729,0.000000
,,,,,,
,,,,,,
Plumas County                                               ,"7,890","7,280",610,7.7%,1.000000,1.000000
,,,,,,
Beckwourth CDP,270,270,0,0.0%,0.037243,0.000000
Belden CDP,0,0,0,0.0%,0.000000,0.000000
Bucks Lake CDP,0,0,0,0.0%,0.000000,0.000000
C Road CDP,60,60,0,0.0%,0.007759,0.000000
Canyondam CDP,0,0,0,0.0%,0.000000,0.000000
Chester CDP,"1,030","1,010",20,2.0%,0.139144,0.034169
Chilcoot Vinton CDP,140,130,20,12.0%,0.017199,0.027335
Clio CDP,40,40,0,0.0%,0.005043,0.000000
Crescent Mills CDP,40,40,0,0.0%,0.005819,0.000000
Cromberg CDP,110,110,10,5.4%,0.014354,0.009112
Delleker CDP,140,140,0,0.0%,0.018751,0.000000
East Quincy CDP,990,990,0,0.0%,0.135523,0.000000
East Shore CDP,70,30,30,49.3%,0.004655,0.054670
Graeagle CDP,190,180,20,9.3%,0.024182,0.029613
Greenhorn CDP,110,100,10,8.8%,0.014095,0.015945
Greenville CDP,440,340,100,22.6%,0.047071,0.164009
Hamilton Branch CDP,160,140,20,11.7%,0.019656,0.031891
Indian Falls CDP,0,0,0,0.0%,0.000000,0.000000
Iron Horse CDP,90,90,0,0.0%,0.011638,0.000000
Johnsville CDP,0,0,0,0.0%,0.000000,0.000000
Keddie CDP,40,20,20,50.0%,0.002457,0.029613
La Porte CDP,0,0,0,0.0%,0.000000,0.000000
Lake Almanor Country Club CDP,130,100,30,25.0%,0.013190,0.052392
Lake Almanor Peninsula CDP,110,110,0,0.0%,0.015518,0.000000
Lake Almanor West CDP,90,80,10,8.9%,0.011250,0.013667
Little Grass Valley CDP,0,0,0,0.0%,0.000000,0.000000
Meadow Valley CDP,180,150,40,19.2%,0.020173,0.056948
Mohawk Vista CDP,40,40,0,0.0%,0.005819,0.000000
Paxton CDP,0,0,0,0.0%,0.000000,0.000000
Plumas Eureka CDP,140,130,20,10.4%,0.017716,0.025057
Portola city,820,780,30,3.8%,0.107720,0.050114
Prattville CDP,10,10,0,0.0%,0.000647,0.000000
Quincy CDP,930,910,20,2.6%,0.124790,0.038724
Spring Garden CDP,0,0,0,0.0%,0.000000,0.000000
Taylorsville CDP,30,30,0,0.0%,0.003879,0.000000
Tobin CDP,0,0,0,0.0%,0.000000,0.000000
Twain CDP,150,80,70,48.0%,0.010733,0.118451
Valley Ranch CDP,0,0,0,0.0%,0.000000,0.000000
Whitehawk CDP,10,10,0,0.0%,0.001035,0.000000
,,,,,,
,,,,,,
Shasta County                                               ,"73,000","69,500","3,500",4.8%,1.000000,1.000000
,,,,,,
Anderson city,"4,100","3,900",200,4.2%,0.056492,0.049766
Burney CDP,"1,400","1,200",100,9.2%,0.017846,0.035981
Cottonwood CDP,"1,300","1,300",0,0.0%,0.018129,0.000000
Fall River Mills CDP,100,100,0,16.1%,0.001349,0.005140
Redding city,"39,300","37,600","1,700",4.3%,N/A,N/A
Shasta Lake city,"4,100","3,800",200,5.7%,0.055008,0.065654
Shingletown CDP,700,600,100,7.5%,0.009092,0.014486
,,,,,,
,,,,,,
Riverside County                                            ,"1,108,100","1,061,500","46,600",4.2%,1.000000,1.000000
,,,,,,
Banning city,"11,200","10,600",600,5.1%,N/A,N/A
Beaumont city,"23,700","23,000",800,3.2%,N/A,N/A
Bermuda Dunes CDP,"3,400","3,200",200,4.8%,0.003027,0.003467
Blythe city,"5,600","5,300",300,4.7%,0.005031,0.005650
Cabazon CDP,"1,200","1,100",0,1.9%,0.001062,0.000480
Calimesa city,"3,600","3,400",100,3.4%,0.003243,0.002591
Canyon Lake city,"5,400","5,300",100,1.9%,0.004984,0.002159
Cathedral City city,"26,300","25,300","1,000",3.9%,N/A,N/A
Cherry Valley CDP,"3,300","3,200",100,2.8%,0.003040,0.002003
Coachella city,"20,000","17,900","2,000",10.2%,N/A,N/A
Corona city,"84,800","82,200","2,600",3.1%,N/A,N/A
Desert Hot Springs city,"11,600","10,900",700,5.7%,N/A,N/A
East Hemet CDP,"8,500","8,000",500,6.1%,0.007490,0.011157
Eastvale City city,"32,300","31,300","1,000",3.0%,N/A,N/A
El Cerrito CDP,"2,500","2,400",100,2.8%,0.002273,0.001500
Hemet city,"29,600","27,900","1,700",5.8%,N/A,N/A
Highgrove CDP,"2,600","2,500",200,6.0%,0.002336,0.003407
Home Gardens CDP,"5,800","5,600",200,3.2%,0.005277,0.003971
Homeland CDP,"3,000","2,800",100,4.8%,0.002653,0.003059
Idyllwild Pine Cove CDP,"1,100","1,100",0,2.7%,0.001037,0.000672
Indian Wells city,"1,900","1,800",0,2.6%,0.001725,0.001032
Indio city,"41,200","39,000","2,200",5.3%,N/A,N/A
Jurupa Valley city,"49,300","47,500","1,800",3.7%,N/A,N/A
La Quinta city,"19,200","18,400",800,4.1%,N/A,N/A
Lake Elsinore city,"31,100","29,900","1,200",3.9%,N/A,N/A
Lakeland Village CDP,"5,400","5,200",300,4.6%,0.004872,0.005351
Lakeview CDP,"1,300","1,300",0,2.8%,0.001186,0.000768
March AFB CDP,200,200,0,1.9%,0.000191,0.000096
Mecca CDP,"2,700","2,500",200,6.8%,0.002360,0.003899
Menifee city,"40,300","38,700","1,600",4.0%,N/A,N/A
Moreno Valley city,"96,800","92,600","4,200",4.4%,N/A,N/A
Murrieta city,"56,400","54,600","1,900",3.3%,N/A,N/A
Norco city,"11,700","11,200",400,3.6%,N/A,N/A
Nuevo CDP,"3,300","3,200",100,3.8%,0.003014,0.002699
Palm Desert city,"24,800","23,800","1,000",4.2%,N/A,N/A
Palm Springs city,"23,000","22,100",900,3.8%,N/A,N/A
Perris city,"31,000","29,500","1,500",4.9%,N/A,N/A
Rancho Mirage city,"6,400","6,100",200,3.7%,0.005793,0.005027
Riverside city,"154,900","149,200","5,700",3.7%,N/A,N/A
Romoland CDP,"1,000",900,0,5.0%,0.000864,0.001020
San Jacinto city,"19,100","18,100","1,000",5.1%,N/A,N/A
Temecula city,"55,200","53,500","1,800",3.2%,N/A,N/A
Thousand Palms CDP,"2,900","2,800",100,3.4%,0.002651,0.002123
Valle Vista CDP,"7,400","7,000",400,4.7%,0.006619,0.007510
Wildomar city,"17,600","17,000",700,3.7%,N/A,N/A
Winchester CDP,"1,200","1,100",100,6.3%,0.001063,0.001632
Woodcrest CDP,"8,900","8,800",200,2.0%,0.008250,0.003851
,,,,,,
,,,,,,
Sacramento County                                           ,"711,700","685,300","26,400",3.7%,1.000000,1.000000
,,,,,,
Arden Arcade CDP,"46,900","44,600","2,300",4.9%,0.065037,0.087036
Carmichael CDP,"30,600","29,600","1,000",3.3%,0.043141,0.038144
Citrus Heights city,"43,300","41,800","1,600",3.6%,N/A,N/A
Elk Grove CDP,"83,400","80,700","2,600",3.2%,N/A,N/A
Fair Oaks CDP,"14,800","14,400",400,2.5%,0.020993,0.014106
Florin CDP,"19,100","17,800","1,300",6.7%,0.026034,0.048118
Folsom city,"38,400","37,300","1,000",2.7%,N/A,N/A
Foothill Farms CDP,"16,000","15,200",700,4.6%,0.022231,0.027540
Galt city,"11,600","11,000",600,5.2%,N/A,N/A
Gold River CDP,"3,400","3,300",200,4.4%,0.004809,0.005699
Isleton city,300,300,0,2.6%,0.000388,0.000265
La Riviera CDP,"5,800","5,600",200,3.6%,0.008218,0.007938
North Highlands CDP,"20,400","19,800",600,2.9%,0.028964,0.022268
Orangevale CDP,"17,000","16,500",500,3.1%,0.024089,0.019663
Rancho Cordova City,"35,300","34,000","1,300",3.7%,N/A,N/A
Rancho Murieta CDP,"2,400","2,400",0,2.0%,0.003457,0.001812
Rio Linda CDP,"7,100","6,900",200,2.8%,0.010021,0.007429
Rosemont CDP,"11,800","11,500",300,2.7%,0.016749,0.011968
Sacramento city,"237,600","228,600","9,000",3.8%,N/A,N/A
Vineyard CDP,"13,300","13,000",400,2.6%,0.018932,0.013312
Walnut Grove CDP,700,700,0,5.5%,0.000960,0.001445
Wilton CDP,"2,300","2,200",100,2.7%,0.003251,0.002361
,,,,,,
,,,,,,
Monterey County                                             ,"221,600","207,600","14,000",6.3%,1.000000,1.000000
,,,,,,
Aromas CDP (Monterey Co),"1,500","1,500",100,4.3%,0.007139,0.004744
Boronda CDP,900,700,200,23.9%,0.003314,0.015470
Bradley CDP,100,100,0,0.0%,0.000245,0.000000
Carmel by the Sea city,"1,600","1,600",0,0.1%,0.007629,0.000103
Carmel Valley Village CDP,"2,500","2,200",200,9.7%,0.010708,0.017017
Castroville CDP,"3,200","2,800",300,10.8%,0.013601,0.024546
Chualar CDP,800,700,0,4.7%,0.003511,0.002578
Del Monte Forest CDP,"1,700","1,600",100,6.6%,0.007719,0.008148
Del Rey Oaks city,900,900,100,6.5%,0.004198,0.004332
Elkhorn CDP,800,700,100,11.1%,0.003335,0.006188
Gonzales city,"4,100","4,000",100,2.6%,0.019211,0.007632
Greenfield city,"8,300","7,900",400,5.0%,0.038075,0.029497
King City city,"6,700","6,500",300,3.8%,0.031277,0.018255
Las Lomas CDP,"1,800","1,700",100,5.5%,0.008194,0.007116
Marina city,"12,900","12,500",400,3.1%,N/A,N/A
Monterey city,"15,300","14,900",400,2.5%,N/A,N/A
Moss Landing CDP,0,0,0,0.0%,0.000208,0.000000
Pacific Grove city,"8,300","7,900",400,5.0%,0.038048,0.029497
Pajaro CDP,"2,000","1,400",600,28.9%,0.006787,0.040945
Prunedale CDP,"11,600","10,800",800,6.6%,0.052257,0.054559
Salinas city,"80,600","73,800","6,800",8.4%,N/A,N/A
San Ardo CDP,200,200,0,1.9%,0.000980,0.000309
San Lucas CDP,200,200,0,12.7%,0.000863,0.001856
Sand City city,200,200,0,2.1%,0.000884,0.000309
Seaside city,"17,400","16,900",500,2.7%,N/A,N/A
Soledad city,"8,200","7,300",800,10.2%,N/A,N/A
Spreckels CDP,300,300,0,0.0%,0.001401,0.000000
,,,,,,
,,,,,,
San Benito County                                           ,"32,300","30,700","1,600",5.0%,1.000000,1.000000
,,,,,,
Hollister city,"20,800","19,600","1,200",5.6%,N/A,N/A
Ridgemark CDP,"1,500","1,400",100,3.9%,0.045661,0.035599
San Juan Bautista city,"1,000","1,000",0,3.0%,0.032985,0.019417
,,,,,,
,,,,,,
San Bernardino County                                       ,"967,100","929,800","37,400",3.9%,1.000000,1.000000
,,,,,,
Adelanto city,"9,700","8,900",800,8.0%,N/A,N/A
Apple Valley town,"29,100","27,800","1,300",4.6%,N/A,N/A
Barstow city,"8,700","8,300",400,4.7%,0.008877,0.010898
Big Bear City CDP,"5,800","5,600",200,3.0%,0.006011,0.004586
Big Bear Lake city,"2,400","2,300",0,1.4%,0.002503,0.000922
Big River CDP,400,400,0,6.5%,0.000388,0.000659
Bloomington CDP,"9,900","9,600",300,2.8%,0.010341,0.007379
Bluewater CDP,0,0,0,5.4%,0.000037,0.000066
Chino city,"44,700","43,200","1,400",3.2%,N/A,N/A
Chino Hills city,"45,700","44,500","1,200",2.6%,N/A,N/A
Colton city,"24,700","23,700","1,000",4.0%,N/A,N/A
Crestline CDP,"4,100","4,000",100,1.8%,0.004305,0.001990
Fontana city,"99,600","96,000","3,600",3.6%,N/A,N/A
Grand Terrace city,"6,500","6,300",200,3.1%,0.006807,0.005482
Hesperia city,"36,000","34,200","1,900",5.2%,N/A,N/A
Highland city,"24,700","23,700","1,000",3.9%,N/A,N/A
Joshua Tree CDP,"2,800","2,600",200,5.5%,0.002805,0.004072
Lake Arrowhead CDP,"3,800","3,700",100,3.8%,0.003950,0.003874
Lenwood CDP,"1,700","1,700",0,1.3%,0.001833,0.000593
Loma Linda city,"10,600","10,300",300,2.8%,0.011113,0.008091
Mentone CDP,"5,100","4,900",200,3.4%,0.005303,0.004625
Montclair city,"19,500","18,900",600,3.2%,N/A,N/A
Morongo Valley CDP,"1,500","1,500",0,2.6%,0.001574,0.001041
Mountain View Acres CDP,"1,400","1,300",100,6.5%,0.001431,0.002477
Muscoy CDP,"4,600","4,200",400,9.2%,0.004535,0.011425
Needles city,"1,600","1,500",100,5.0%,0.001652,0.002161
Ontario city,"90,300","87,200","3,100",3.4%,N/A,N/A
Rancho Cucamonga city,"96,200","93,400","2,800",2.9%,N/A,N/A
Redlands city,"35,600","34,500","1,100",3.1%,N/A,N/A
Rialto city,"44,800","42,700","2,000",4.5%,N/A,N/A
Running Springs CDP,"1,800","1,800",100,3.4%,0.001882,0.001621
San Antonio Heights CDP,"1,600","1,600",0,0.2%,0.001740,0.000092
San Bernardino city,"84,300","80,100","4,100",4.9%,N/A,N/A
Searles Valley CDP,600,600,0,5.7%,0.000654,0.001002
Twentynine Palms city,"6,900","6,500",300,5.0%,N/A,N/A
Upland city,"39,500","38,300","1,200",3.1%,N/A,N/A
Victorville city,"45,900","43,400","2,600",5.6%,N/A,N/A
Wrightwood CDP,"1,800","1,700",0,2.5%,0.001876,0.001212
Yucaipa city,"25,300","24,400",800,3.3%,N/A,N/A
Yucca Valley town,"8,900","8,300",500,6.1%,0.008944,0.014364
,,,,,,
,,,,,,
San Diego County                                            ,"1,583,600","1,532,200","51,400",3.2%,1.000000,1.000000
,,,,,,
Bonita CDP,"5,900","5,600",300,4.6%,0.003672,0.005333
Bostonia CDP,"7,900","7,500",400,4.5%,0.004919,0.006989
Carlsbad city,"55,000","53,400","1,600",3.0%,N/A,N/A
Casa de Oro Mount Helix CDP,"9,800","9,500",300,2.7%,0.006206,0.005215
Chula Vista city,"124,500","120,100","4,400",3.5%,N/A,N/A
Coronado city,"8,500","8,200",300,3.0%,N/A,N/A
Del Mar city,"2,100","2,100",0,1.7%,0.001350,0.000710
El Cajon city,"44,700","43,100","1,600",3.7%,N/A,N/A
Encinitas city,"33,100","32,300",800,2.5%,N/A,N/A
Escondido city,"69,100","67,000","2,200",3.1%,N/A,N/A
Fallbrook CDP,"13,400","13,000",400,2.8%,0.008481,0.007383
Imperial Beach city,"12,000","11,500",500,4.1%,N/A,N/A
La Mesa city,"30,300","29,300","1,000",3.2%,N/A,N/A
Lakeside CDP,"10,100","9,700",400,3.8%,0.006335,0.007423
Lemon Grove city,"12,400","11,900",500,3.8%,N/A,N/A
National City city,"24,800","23,700","1,000",4.2%,N/A,N/A
Oceanside city,"82,100","79,300","2,800",3.4%,N/A,N/A
Poway city,"25,400","24,700",700,2.6%,N/A,N/A
Ramona CDP,"10,900","10,600",300,2.5%,0.006912,0.005284
San Diego city,"717,900","695,600","22,300",3.1%,N/A,N/A
San Marcos city,"42,500","41,100","1,300",3.1%,N/A,N/A
Santee city,"29,200","28,400",900,3.0%,N/A,N/A
Solana Beach city,"6,800","6,700",100,1.7%,0.004358,0.002287
Spring Valley CDP,"14,900","14,200",700,4.6%,0.009269,0.013318
Valley Center CDP,"5,100","5,000",100,1.9%,0.003262,0.001932
Vista city,"45,200","43,600","1,600",3.6%,N/A,N/A
,,,,,,
,,,,,,
San Francisco County                                        ,"580,900","568,000","12,900",2.2%,1.000000,1.000000
,,,,,,
San Francisco City and County,"580,900","568,000","12,900",2.2%,1.000000,1.000000
,,,,,,
,,,,,,
San Luis Obispo County                                      ,"139,900","135,900","4,100",2.9%,1.000000,1.000000
,,,,,,
Arroyo Grande city,"9,100","8,900",100,1.5%,0.065842,0.034177
Atascadero city,"15,300","14,800",400,2.7%,N/A,N/A
Cambria CDP,"2,600","2,500",100,4.5%,0.018203,0.028933
Cayucos CDP,"1,300","1,200",0,3.2%,0.009037,0.009946
El Paso de Robles (Paso Robles) city,"16,300","15,800",500,2.8%,N/A,N/A
Grover Beach city,"7,200","7,000",200,2.6%,0.051808,0.046293
Lake Nacimiento CDP,"1,300","1,300",0,1.9%,0.009721,0.006329
Morro Bay city,"4,900","4,600",300,5.4%,0.033999,0.065099
Nipomo CDP,"8,800","8,500",300,3.9%,0.062242,0.084991
Oceano CDP,"3,700","3,500",200,4.3%,0.026018,0.038698
Pismo Beach city,"4,200","4,100",100,1.9%,0.030400,0.020253
San Luis Obispo city,"25,300","24,700",600,2.5%,N/A,N/A
San Miguel CDP,"1,400","1,300",100,5.7%,0.009804,0.020072
Shandon CDP,600,500,0,3.6%,0.003903,0.004882
Templeton CDP,"3,800","3,800",100,1.4%,0.027704,0.013562
,,,,,,
,,,,,,
San Mateo County                                            ,"457,400","447,900","9,500",2.1%,1.000000,1.000000
,,,,,,
Atherton town,"3,300","3,200",100,2.6%,0.007101,0.009128
Belmont city,"16,700","16,400",400,2.2%,N/A,N/A
Brisbane city,"2,900","2,900",0,1.4%,0.006394,0.004409
Broadmoor CDP,"3,300","3,200",200,4.8%,0.007118,0.016828
Burlingame city,"18,700","18,400",400,1.9%,N/A,N/A
Daly City city,"65,100","63,700","1,400",2.1%,N/A,N/A
East Palo Alto city,"15,000","14,600",400,2.5%,N/A,N/A
El Granada CDP,"3,800","3,700",100,3.4%,0.008215,0.013723
Foster City city,"20,000","19,600",400,2.0%,N/A,N/A
Half Moon Bay city,"7,600","7,500",100,1.7%,0.016752,0.013413
Hillsborough town,"5,300","5,200",100,1.7%,0.011650,0.009314
Menlo Park city,"20,100","19,800",400,1.9%,N/A,N/A
Millbrae city,"12,900","12,700",300,1.9%,0.028345,0.026577
North Fair Oaks CDP,"8,100","7,900",100,1.7%,0.017734,0.014531
Pacifica city,"24,300","23,800",500,2.1%,N/A,N/A
Redwood City city,"51,300","50,300","1,000",1.9%,N/A,N/A
San Bruno city,"27,000","26,400",600,2.1%,N/A,N/A
San Carlos city,"17,800","17,400",400,2.0%,N/A,N/A
San Mateo city,"65,000","63,800","1,300",1.9%,N/A,N/A
South San Francisco city,"39,900","39,000",900,2.3%,N/A,N/A
West Menlo Park CDP,"2,200","2,200",100,3.2%,0.004805,0.007452
,,,,,,
,,,,,,
Marin County                                                ,"138,900","135,600","3,200",2.3%,1.000000,1.000000
,,,,,,
Corte Madera town,"5,400","5,200",200,3.5%,0.038158,0.057154
Fairfax town,"4,600","4,500",100,1.9%,0.033179,0.027188
Inverness CDP,500,500,0,3.6%,0.003771,0.005755
Larkspur city,"7,000","6,900",100,1.6%,0.050823,0.035523
Mill Valley city,"7,100","7,000",100,1.4%,0.051764,0.031355
Novato city,"29,500","28,800",700,2.4%,N/A,N/A
Point Reyes Station CDP,200,200,0,0.0%,0.001346,0.000000
San Anselmo town,"7,600","7,400",200,2.9%,0.054280,0.066878
San Rafael city,"32,200","31,500",700,2.2%,N/A,N/A
Sausalito city,"4,100","4,100",100,1.8%,0.030012,0.023219
Tamalpais Homestead Valley CDP,"6,300","6,200",100,2.0%,0.045722,0.038500
Tomales CDP,200,200,0,0.0%,0.001400,0.000000
,,,,,,
,,,,,,
Santa Clara County                                          ,"1,050,600","1,024,200","26,400",2.5%,1.000000,1.000000
,,,,,,
Campbell city,"26,400","25,800",600,2.3%,N/A,N/A
Cupertino city,"29,400","28,700",700,2.4%,N/A,N/A
East Foothills CDP,"3,600","3,500",0,1.2%,0.003442,0.001680
Gilroy city,"30,700","29,800",900,3.0%,N/A,N/A
Los Altos city,"14,700","14,300",400,2.4%,N/A,N/A
Los Gatos town,"16,000","15,600",400,2.5%,N/A,N/A
Milpitas city,"45,300","44,100","1,200",2.7%,N/A,N/A
Morgan Hill city,"24,900","24,200",700,2.6%,N/A,N/A
Mountain View city,"52,600","51,700","1,000",1.8%,N/A,N/A
Palo Alto city,"35,200","34,500",700,2.0%,N/A,N/A
San Jose city,"552,300","537,600","14,700",2.7%,N/A,N/A
San Martin CDP,"3,700","3,600",100,2.5%,0.003541,0.003495
Santa Clara city,"72,500","70,800","1,700",2.3%,N/A,N/A
Saratoga city,"14,700","14,300",400,2.5%,N/A,N/A
Sunnyvale city,"87,900","86,100","1,800",2.0%,N/A,N/A
,,,,,,
,,,,,,
Santa Cruz County                                           ,"141,400","134,400","7,000",4.9%,1.000000,1.000000
,,,,,,
Aptos CDP,"3,600","3,600",100,1.9%,0.026597,0.009923
Aptos Hills Larkin Valley CDP,"1,100","1,000",0,3.3%,0.007727,0.005082
Ben Lomond CDP,"3,800","3,700",100,1.6%,0.027609,0.008955
Boulder Creek CDP,"2,800","2,600",200,5.4%,0.019508,0.021781
Capitola city,"5,200","5,100",100,1.1%,0.037909,0.007865
Corralitos CDP,"1,100","1,000",100,11.1%,0.007199,0.017425
Day Valley CDP,"1,500","1,400",100,5.0%,0.010777,0.010891
Felton CDP,"2,300","2,200",100,5.6%,0.016070,0.018272
Freedom CDP,"1,900","1,700",200,10.2%,0.012404,0.027348
Interlaken CDP,"3,700","3,600",100,3.7%,0.026744,0.020208
Live Oak CDP,"8,600","8,400",300,3.0%,0.062285,0.037028
Rio del Mar CDP,"4,600","4,500",200,3.8%,0.033122,0.025653
Santa Cruz city,"33,100","32,000","1,100",3.2%,N/A,N/A
Scotts Valley city,"6,100","5,900",200,3.1%,0.043964,0.027469
Soquel CDP,"5,700","5,500",200,3.5%,0.040607,0.028316
Twin Lakes CDP,"2,300","2,200",100,5.5%,0.016480,0.018514
Watsonville city,"26,200","23,400","2,800",10.7%,N/A,N/A
,,,,,,
,,,,,,
Santa Barbara County                                        ,"222,800","214,700","8,100",3.6%,1.000000,1.000000
,,,,,,
Buellton city,"2,700","2,700",0,1.2%,0.012580,0.004183
Carpinteria city,"7,300","7,000",200,3.3%,0.032679,0.029208
Goleta city,"17,600","17,200",400,2.2%,N/A,N/A
Guadalupe city,"3,400","3,300",100,2.6%,0.015522,0.010953
Isla Vista CDP,"12,800","11,600","1,200",9.3%,0.054025,0.147638
Lompoc city,"17,700","16,900",900,4.9%,N/A,N/A
Los Alamos CDP,800,800,0,4.7%,0.003556,0.004716
Mission Canyon CDP,"1,400","1,400",0,1.3%,0.006423,0.002206
Mission Hills CDP,"2,000","1,900",100,5.6%,0.008902,0.013996
Montecito CDP,"3,100","2,900",200,5.6%,0.013465,0.021222
Orcutt CDP,"15,600","14,900",600,4.2%,0.069514,0.079942
Santa Barbara city,"51,700","50,500","1,200",2.3%,N/A,N/A
Santa Maria city,"50,700","47,700","3,000",5.9%,N/A,N/A
Santa Ynez CDP,"2,100","2,100",0,1.3%,0.009801,0.003347
Solvang city,"3,200","3,100",100,3.0%,0.014384,0.011714
Summerland CDP,400,400,0,0.0%,0.001776,0.000000
Toro Canyon CDP,700,700,0,3.7%,0.003059,0.003119
Vandenberg AFB CDP,900,900,0,4.4%,0.004109,0.005020
Vandenberg Village CDP,"4,000","3,800",100,3.2%,0.017846,0.015821
,,,,,,
,,,,,,
Sonoma County                                               ,"257,700","250,700","7,000",2.7%,1.000000,1.000000
,,,,,,
Bodega Bay CDP,400,400,0,2.8%,0.001500,0.001630
Boyes Hot Springs CDP,"4,000","3,900",100,2.0%,0.015640,0.011323
Cloverdale city,"4,200","4,100",100,1.4%,0.016546,0.008235
Cotati city,"4,100","4,000",100,2.8%,0.015855,0.016126
El Verano CDP,"1,700","1,600",100,3.5%,0.006549,0.008406
Fetters Hot Springs Agua Caliente CDP,"2,300","2,300",0,2.0%,0.008990,0.006605
Forestville CDP,"1,900","1,900",100,3.8%,0.007412,0.010379
Glen Ellen CDP,500,500,0,0.0%,0.002097,0.000000
Graton CDP,"1,000",900,100,6.4%,0.003706,0.009178
Guerneville CDP,"2,500","2,400",100,4.0%,0.009528,0.014325
Healdsburg city,"6,500","6,400",100,1.8%,0.025477,0.016727
Monte Rio CDP,500,500,100,10.6%,0.001956,0.008235
Occidental CDP,400,400,0,0.0%,0.001683,0.000000
Petaluma city,"33,500","32,700",800,2.4%,N/A,N/A
Rohnert Park city,"23,800","23,200",600,2.7%,N/A,N/A
Santa Rosa city,"90,400","87,900","2,500",2.8%,N/A,N/A
Sebastopol city,"4,200","4,000",200,4.6%,0.016062,0.027449
Sonoma city,"5,400","5,200",200,4.3%,0.020596,0.033110
Windsor town,"14,000","13,700",400,2.7%,N/A,N/A
,,,,,,
,,,,,,
Sierra County                                               ,"1,330","1,260",70,5.3%,1.000000,1.000000
,,,,,,
Loyalton city,450,430,10,2.7%,0.344637,0.169014
,,,,,,
,,,,,,
Siskiyou County                                             ,"17,190","16,070","1,120",6.5%,1.000000,1.000000
,,,,,,
Dunsmuir city,720,680,40,5.8%,0.042145,0.037037
McCloud CDP,350,300,50,14.2%,0.018745,0.044917
Mount Shasta city,"1,460","1,420",40,2.7%,0.088100,0.035461
Weed city,"1,030",930,100,9.6%,0.057806,0.088258
Yreka city,"3,090","2,910",180,5.7%,0.181279,0.156816
,,,,,,
,,,,,,
San Joaquin County                                          ,"327,100","307,700","19,500",5.9%,1.000000,1.000000
,,,,,,
August CDP,"3,200","2,800",400,12.6%,0.009035,0.020582
Country Club CDP,"4,500","4,000",500,11.7%,0.013033,0.027303
Escalon city,"3,600","3,500",100,3.6%,0.011420,0.006721
Farmington CDP,100,100,0,0.0%,0.000287,0.000000
French Camp CDP,"1,100","1,100",100,5.9%,0.003491,0.003456
Garden Acres CDP,"4,300","3,900",400,9.2%,0.012666,0.020316
Kennedy CDP,"1,300","1,200",200,12.6%,0.003804,0.008658
Lathrop city,"10,200","9,700",500,5.0%,0.031469,0.026392
Lincoln Village CDP,"2,200","2,000",100,6.0%,0.006617,0.006607
Linden CDP,800,800,0,3.6%,0.002510,0.001481
Lockeford CDP,"1,500","1,400",100,5.9%,0.004602,0.004557
Lodi city,"29,900","28,100","1,700",5.7%,N/A,N/A
Manteca city,"37,900","36,200","1,700",4.4%,N/A,N/A
Morada CDP,"1,400","1,400",0,0.0%,0.004583,0.000000
Ripon city,"7,600","7,300",300,3.7%,0.023642,0.014468
Stockton city,"129,700","120,700","9,000",6.9%,N/A,N/A
Taft Mosswood CDP,400,400,0,7.7%,0.001284,0.001671
Tracy city,"44,500","42,900","1,700",3.8%,N/A,N/A
,,,,,,
,,,,,,
Sutter County                                               ,"45,500","42,200","3,400",7.4%,1.000000,1.000000
,,,,,,
Live Oak city,"4,000","3,700",200,6.2%,0.088462,0.073067
Sutter CDP,"1,400","1,300",100,7.8%,0.031502,0.033418
Yuba City city,"31,600","29,200","2,400",7.6%,N/A,N/A
,,,,,,
,,,,,,
Tehama County                                               ,"25,600","24,160","1,450",5.6%,1.000000,1.000000
,,,,,,
Corning city,"3,340","3,120",220,6.7%,0.129055,0.154443
Los Molinos CDP,540,520,20,3.6%,0.021353,0.012942
Manton CDP,120,110,10,5.9%,0.004587,0.004745
Mineral CDP,110,90,10,13.3%,0.003775,0.009922
Rancho Tehama Reserve CDP,650,620,30,4.9%,0.025657,0.022433
Red Bluff city,"5,390","5,000",390,7.3%,0.206958,0.270492
Tehama city,180,170,10,5.0%,0.007064,0.006040
,,,,,,
,,,,,,
Trinity County                                              ,"4,650","4,400",260,5.5%,1.000000,1.000000
,,,,,,
Hayfork CDP,920,900,20,1.6%,0.205151,0.060185
Lewiston CDP,500,480,10,2.6%,0.110190,0.050926
Weaverville CDP,"1,320","1,210",110,8.5%,0.274580,0.435185
,,,,,,
,,,,,,
Tuolumne County                                             ,"20,970","20,020",960,4.6%,1.000000,1.000000
,,,,,,
Chinese Camp CDP,30,30,0,0.0%,0.001524,0.000000
Columbia CDP,780,730,50,6.7%,0.036250,0.054498
East Sonora CDP,910,910,0,0.0%,0.045587,0.000000
Jamestown CDP,"1,280","1,210",60,4.9%,0.060592,0.065744
Mi Wuk Village CDP,380,370,20,4.2%,0.018292,0.016436
Mono Vista CDP,"1,630","1,620",10,0.9%,0.080884,0.014706
Sonora city,"1,790","1,700",90,4.9%,0.084933,0.091696
Soulsbyville CDP,"1,030","1,020",10,1.3%,0.050922,0.013841
Tuolumne City CDP,450,450,0,0.0%,0.022246,0.000000
Twain Harte CDP,"1,190","1,140",50,4.4%,0.056971,0.055363
,,,,,,
,,,,,,
Solano County                                               ,"208,500","200,600","7,900",3.8%,1.000000,1.000000
,,,,,,
Benicia city,"14,800","14,300",400,2.8%,N/A,N/A
Dixon city,"10,000","9,700",400,3.6%,0.048121,0.045940
Elmira CDP,100,100,0,4.7%,0.000507,0.000606
Fairfield city,"53,400","51,500","2,000",3.7%,N/A,N/A
Green Valley CDP,700,700,0,0.0%,0.003532,0.000000
Rio Vista city,"2,600","2,500",100,4.8%,0.012460,0.015768
Suisun City city,"14,300","13,800",500,3.8%,N/A,N/A
Vacaville city,"46,000","44,500","1,500",3.2%,N/A,N/A
Vallejo city,"56,300","53,900","2,400",4.2%,N/A,N/A
,,,,,,
,,,,,,
Tulare County                                               ,"202,500","182,700","19,800",9.8%,1.000000,1.000000
,,,,,,
Alpaugh CDP,400,300,100,24.0%,0.001824,0.005308
Cutler CDP,"2,300","2,000",400,15.8%,0.010706,0.018523
Dinuba city,"10,700","9,400","1,300",11.8%,0.051582,0.064009
Ducor CDP,200,200,0,8.3%,0.001214,0.001008
Earlimart CDP,"3,900","3,300",500,14.1%,0.018306,0.027759
East Orosi CDP,300,200,100,20.9%,0.001220,0.002972
East Porterville CDP,"2,400","1,800",500,22.8%,0.010045,0.027493
Exeter city,"4,600","4,000",600,13.4%,0.021742,0.031209
Farmersville city,"5,200","4,600",700,12.8%,0.025049,0.033862
Goshen CDP,"1,500","1,400",100,4.7%,0.007706,0.003503
Ivanhoe CDP,"1,800","1,600",200,11.6%,0.008518,0.010350
Lemon Cove CDP,100,100,0,4.8%,0.000437,0.000212
Lindsay city,"5,500","4,600",900,16.3%,0.025167,0.045433
London CDP,600,500,100,15.0%,0.002916,0.004777
Pixley CDP,"1,100",900,200,18.7%,0.004824,0.010244
Poplar Cotton Center CDP,"1,200",700,400,36.4%,0.004052,0.021443
Porterville city,"25,400","22,300","3,100",12.3%,N/A,N/A
Richgrove CDP,"1,100",600,400,40.5%,0.003543,0.022239
Springville CDP,300,300,0,4.8%,0.001746,0.000796
Strathmore CDP,"1,200","1,000",200,18.0%,0.005322,0.010827
Terra Bella CDP,"1,600","1,100",500,29.0%,0.006190,0.023353
Three Rivers CDP,"1,300","1,200",100,5.0%,0.006688,0.003238
Tipton CDP,"1,200","1,100",100,12.0%,0.005994,0.007537
Traver CDP,300,300,0,4.4%,0.001550,0.000637
Tulare city,"28,100","26,400","1,700",6.0%,N/A,N/A
Visalia city,"61,400","58,300","3,100",5.1%,N/A,N/A
Woodlake city,"3,200","2,900",200,7.2%,0.016011,0.011517
Woodville CDP,800,700,100,16.3%,0.003862,0.006953
,,,,,,
,,,,,,
Yolo County                                                 ,"108,200","103,700","4,500",4.2%,1.000000,1.000000
,,,,,,
Davis city,"35,600","34,700",900,2.6%,N/A,N/A
Esparto CDP,"1,700","1,600",100,3.2%,0.015679,0.011887
West Sacramento city,"25,400","24,400","1,000",3.8%,N/A,N/A
Winters city,"4,000","3,800",200,4.3%,0.036471,0.037489
Woodland city,"30,500","28,900","1,600",5.3%,N/A,N/A
,,,,,,
,,,,,,
Yuba County                                                 ,"29,800","28,000","1,800",6.1%,1.000000,1.000000
,,,,,,
Beale AFB CDP,200,200,0,3.1%,0.006640,0.003047
Challenge Brownsville CDP,200,200,0,3.2%,0.006539,0.003483
Linda CDP,"7,400","6,800",600,7.9%,0.243956,0.319547
Loma Rica CDP,"1,200","1,100",100,4.3%,0.041045,0.027862
Marysville city,"5,200","4,900",300,6.1%,0.175749,0.174576
Olivehurst CDP,"5,500","5,100",400,6.7%,0.182925,0.200697
Wheatland city,"1,800","1,700",100,6.8%,0.060327,0.067479
